{"cameraMode":{"drawMode":0,"name":"Shaded","section":"Shading Mode"},"sceneLighting":false,"audioPlay":false,"sceneViewState":{"showFog":true,"showMaterialUpdate":false,"showSkybox":true,"showFlares":true,"showImageEffects":true,"showParticleSystems":true},"in2DMode":false,"pivot":{"x":-0.6157695055007935,"y":-0.037831902503967288,"z":-0.0778612494468689},"rotation":{"x":-0.5920596122741699,"y":-0.00024157663574442267,"z":0.00017755469889380038,"w":-0.8058941960334778},"size":2.3334522247314455,"orthographic":false}