{"cameraMode":{"drawMode":0,"name":"Shaded","section":"Shading Mode"},"sceneLighting":false,"audioPlay":false,"sceneViewState":{"showFog":true,"showMaterialUpdate":false,"showSkybox":false,"showFlares":true,"showImageEffects":true,"showParticleSystems":true},"in2DMode":false,"pivot":{"x":544.8717651367188,"y":281.35882568359377,"z":-1.3135745525360108},"rotation":{"x":0.015886643901467325,"y":-0.00779876159504056,"z":-0.0001238551631104201,"w":-0.999843418598175},"size":762.6934814453125,"orthographic":false}